origen	destino
Fisica 1/teorias/C1 Variables cinemáticas.pdf	Fisica 1/Teorias/mod1_01_variables_cinematicas.pdf
Fisica 1/teorias/C2 Leyes de Newton.pdf	Fisica 1/Teorias/mod1_02_leyes_de_newton.pdf
Fisica 1/teorias/C3 Leyes de Newton.pdf	Fisica 1/Teorias/mod1_03_leyes_de_newton_cont.pdf
Fisica 1/teorias/C4 Movimiento circular.pdf	Fisica 1/Teorias/mod1_04_movimiento_circular.pdf
Fisica 1/teorias/C5 Cinemáticaf.pdf	Fisica 1/Teorias/mod1_05_cinematica.pdf
Fisica 1/teorias/C6 Trabajo, energia cinetica y potencial.pdf	Fisica 1/Teorias/mod1_06_trabajo_y_energia.pdf
Fisica 1/teorias/C7 Conservacion de la energia.pdf	Fisica 1/Teorias/mod1_07_conservacion_energia.pdf
Fisica 1/teorias/C8 Movimiento armonico simple.pdf	Fisica 1/Teorias/mod1_08_mas.pdf
Fisica 1/teorias/C9 Sistema de particulas.pdf	Fisica 1/Teorias/mod1_09_sistema_de_particulas.pdf
Fisica 1/fisica mod1.pdf	Fisica 1/Teorias/mod1_teorias_completo.pdf
Fisica 1/teorias pedro 2023/2023_Fisica1_Clase01.pdf	Fisica 1/Teorias/Mendoza/mod1_01_introduccion.pdf
Fisica 1/teorias pedro 2023/2023_Fisica_Clase2.pdf	Fisica 1/Teorias/Mendoza/mod1_02_cinematica.pdf
Fisica 1/teorias pedro 2023/Clase 2 - Ej. 15.pdf	Fisica 1/Teorias/Mendoza/mod1_02_ejercicio_15.pdf
Fisica 1/teorias pedro 2023/2023_FisicaI_Clase03_primera_parte.pdf	Fisica 1/Teorias/Mendoza/mod1_03_leyes_de_newton.pdf
Fisica 1/teorias pedro 2023/2022_FisicaI_Clase03_continuacion.pdf	Fisica 1/Teorias/Mendoza/mod1_03_leyes_de_newton_cont.pdf
Fisica 1/teorias pedro 2023/2022_FisicaI_Clase04.pdf	Fisica 1/Teorias/Mendoza/mod1_04_aceleracion.pdf
Fisica 1/teorias pedro 2023/2023_Fisica_clase05.pdf	Fisica 1/Teorias/Mendoza/mod1_05_dinamica.pdf
Fisica 1/teorias pedro 2023/2021_Fisica1_Clase06.pdf	Fisica 1/Teorias/Mendoza/mod1_06_energia.pdf
Fisica 1/teorias pedro 2023/2021_Fisica1_Clase07.pdf	Fisica 1/Teorias/Mendoza/mod1_07_trabajo_y_energia.pdf
Fisica 1/teorias pedro 2023/2021_FisicaI_Clase08.pdf	Fisica 1/Teorias/Mendoza/mod1_08_mas.pdf
Fisica 1/teorias pedro 2023/2021_Fisica_Clase09.pdf	Fisica 1/Teorias/Mendoza/mod1_09_sistemas_de_particulas.pdf
Fisica 1/teorias pedro 2023/2022_Fisica1_M1_Clase_10.pdf	Fisica 1/Teorias/Mendoza/mod1_10_momento_angular.pdf
Fisica 1/teorias pedro 2023/M2_Clase1_2022.pdf	Fisica 1/Teorias/Mendoza/mod2_01_rotacion.pdf
Fisica 1/teorias pedro 2023/M2_clase2_2022.pdf	Fisica 1/Teorias/Mendoza/mod2_02_momento_angular.pdf
Fisica 1/teorias pedro 2023/M2_Clase4_2023.pdf	Fisica 1/Teorias/Mendoza/mod2_03_dinamica_del_rigido.pdf
Fisica 1/teorias pedro 2023/M2_clase4_2022.pdf	Fisica 1/Teorias/Mendoza/mod2_04_elasticidad_fluidos.pdf
Fisica 1/teorias pedro 2023/M2_clase5_2022.pdf	Fisica 1/Teorias/Mendoza/mod2_05_dinamica_de_fluidos.pdf
Fisica 1/teorias pedro 2023/M2_Clase7_2023.pdf	Fisica 1/Teorias/Mendoza/mod2_06_ondas.pdf
Fisica 1/teorias pedro 2023/2022_M2_Clase6_continuacion.pdf	Fisica 1/Teorias/Mendoza/mod2_06_sonido.pdf
Fisica 1/teorias pedro 2023/2022_M2_Clase_7.pdf	Fisica 1/Teorias/Mendoza/mod2_07_modelos_fisicos.pdf
Fisica 1/teorias pedro 2023/M2_clases08_2022.pdf	Fisica 1/Teorias/Mendoza/mod2_08_gas_ideal.pdf
Fisica 1/teorias pedro 2023/M2_clase9_2022.pdf	Fisica 1/Teorias/Mendoza/mod2_09_calorimetria.pdf
Fisica 1/teorias pedro 2023/modulo2_clase11.pdf	Fisica 1/Teorias/Mendoza/mod2_10_procesos_reversibles.pdf
Fisica 1/Guía Mod 1 1S2024.pdf	Fisica 1/Practicas/mod1_guia.pdf
Fisica 1/teorias pedro 2023/Guía MII 2S2023.pdf	Fisica 1/Practicas/mod2_guia.pdf
Fisica 1/laboratorios/Laboratorio N° 1 Fisica I.docx.pdf	Fisica 1/Laboratorios/01_fuerza_de_roce.pdf
Fisica 1/laboratorios/Laboratorio N° 1 Fisica I . (1).docx	Fisica 1/Laboratorios/01_fuerza_de_roce.docx
Fisica 1/laboratorios/Laboratorio N°1 Física 1.pdf	Fisica 1/Laboratorios/02_resorte.pdf
Fisica 1/laboratorios/Laboratorio N°2 Física 1.pdf	Fisica 1/Laboratorios/02_resorte_borrador.pdf
Fisica 1/laboratorios/Libro1JC.xlsx	Fisica 1/Laboratorios/02_resorte_datos.xlsx
Fisica 1/laboratorios/Laboratorio N°3 Física 1.pdf	Fisica 1/Laboratorios/03_momento_de_inercia.pdf
Fisica 1/labs/Laboratorio I correción febrero.docx	Fisica 1/Laboratorios/01_fuerza_de_roce_correccion.docx
Fisica 1/labs/Laboratorio II corrección febrero.docx	Fisica 1/Laboratorios/02_pendulo_simple_correccion.docx
Fisica 1/labs/Laboratorio III corrección febrero.docx	Fisica 1/Laboratorios/03_momento_de_inercia_correccion.docx
Fisica 1/labs/Laboratorio IV correción febrero.docx	Fisica 1/Laboratorios/04_fluidos_correccion.docx
Fisica 1/parciales fisica.pdf	Fisica 1/Parciales/mod1_2022-04-28.pdf
Fisica 1/parciales/mod 1/2021-10-21.pdf	Fisica 1/Parciales/mod1_2021-10-21.pdf
Fisica 1/parciales/mod 1/2022-09-29/FI-MI-ParcialL-290922-Enun..pdf	Fisica 1/Parciales/mod1_2022-09-29_enunciado.pdf
Fisica 1/parciales/mod 1/2022-09-29/FI-MI-ParcialL-290922-Ej.1,2.pdf	Fisica 1/Parciales/mod1_2022-09-29_ej1_2.pdf
Fisica 1/parciales/mod 1/2022-09-29/FI-MI-ParcialL-290922-Ej.3,4.pdf	Fisica 1/Parciales/mod1_2022-09-29_ej3_4.pdf
Fisica 1/parciales/mod 1/2023-09-28/FI-MI-Parcial-280923-Enun..pdf	Fisica 1/Parciales/mod1_2023-09-28_enunciado.pdf
Fisica 1/parciales/mod 1/2023-09-28/FI-MI-Parcial-280923-Ej.1,2y3.pdf	Fisica 1/Parciales/mod1_2023-09-28_ej1_3.pdf
Fisica 1/parciales/mod 1/2023-09-28/FI-MI-Parcial-280923-Ej.4y5.pdf	Fisica 1/Parciales/mod1_2023-09-28_ej4_5.pdf
Fisica 1/parciales/mod 1/2023-10-12.pdf	Fisica 1/Parciales/mod1_2023-10-12.pdf
Fisica 1/parciales/mod 1/2024-04-25.pdf	Fisica 1/Parciales/mod1_2024-04-25.pdf
Fisica 1/parciales/mod 1/2024-05-9.pdf	Fisica 1/Parciales/mod1_2024-05-09.pdf
Fisica 1/parciales/mod 1/sin fecha.pdf	Fisica 1/Parciales/mod1_segunda_fecha.pdf
Fisica 1/parciales/mod 1.zip	BORRAR
Fisica 1/parciales/mod 2/parcial 2.pdf	Fisica 1/Parciales/mod2_2018-06-28.pdf
Fisica 1/parciales/mod 2/Parcial del 11-07-24 Resuelto.pdf	Fisica 1/Parciales/mod2_2024-07-11_resuelto.pdf
Fisica 1/parciales/mod 2/Parcial del 27-06-24 Resuelto.pdf	Fisica 1/Parciales/mod2_2024-06-27_resuelto.pdf
Fisica 1/parciales/WhatsApp Image 2025-11-16 at 17.57.47.jpeg	Fisica 1/Parciales/mod2_2024-07-11_enunciado.jpeg
Fisica 1/parciales/WhatsApp Image 2026-04-14 at 13.59.51.jpeg	Matematica C/Parciales/mod1_2026-04-14_taylor_1.jpeg
Fisica 1/parciales/WhatsApp Image 2026-04-14 at 13.59.58.jpeg	Matematica C/Parciales/mod1_2026-04-14_taylor_2.jpeg
Fisica 1/regresionLineal.py	Fisica 1/regresion_lineal.py
Fisica 2/Física II Cronograma 2026 1er semestre.xls	BORRAR
Fisica 2/Parciales/PD1-2026-2S-G22-respuestas.md	Fisica 2/Parciales/pd1_respuestas.md
Fisica 2/Practicas/P0-consejos-relaciones-2023 (2).pdf	Fisica 2/Practicas/00_consejos.pdf
Fisica 2/Practicas/P1.- Carga electrica-Ley de Coulomb-2023 (3).pdf	Fisica 2/Practicas/01_ley_de_coulomb.pdf
Fisica 2/Practicas/P2.- Campo electrico-2023 (1).pdf	Fisica 2/Practicas/02_campo_electrico.pdf
Fisica 2/Practicas/P3.- Ley de Gauss-2023 (2).pdf	Fisica 2/Practicas/03_ley_de_gauss.pdf
Fisica 2/Practicas/P4.- Potencial electrico-2023 (2).pdf	Fisica 2/Practicas/04_potencial_electrico.pdf
Fisica 2/Practicas/P4-Potencial-electrico-problemas.md	Fisica 2/Practicas/04_potencial_electrico_problemas.md
Fisica 2/Practicas/P5.- Capacidad-2023 (2).pdf	Fisica 2/Practicas/05_capacidad.pdf
Fisica 2/Practicas/P6.- Circuitos de corriente continua-2023 (2).pdf	Fisica 2/Practicas/06_circuitos_cc.pdf
Fisica 2/Practicas/P7.- Campo magnetico-2023 (3).pdf	Fisica 2/Practicas/07_campo_magnetico.pdf
Fisica 2/Practicas/P8.- Fuerza magnetica-2023 (1).pdf	Fisica 2/Practicas/08_fuerza_magnetica.pdf
Fisica 2/Practicas/P9.- Ley de Faraday-2023 (1).pdf	Fisica 2/Practicas/09_ley_de_faraday.pdf
Fisica 2/Practicas/P10.- Circuitos de CC en estado transitorio-2023 (2).pdf	Fisica 2/Practicas/10_circuitos_transitorios.pdf
Fisica 2/Practicas/P11.- Circuitos de corriente alterna-2023 (2).pdf	Fisica 2/Practicas/11_corriente_alterna.pdf
Fisica 2/Practicas/P12.- Ecuaciones de Maxwell-Ondas electromagneticas-2023 (2).pdf	Fisica 2/Practicas/12_maxwell_ondas.pdf
Fisica 2/Practicas/P13.- Polarizacion-ley de snell-2023 (2).pdf	Fisica 2/Practicas/13_polarizacion_snell.pdf
Fisica 2/Practicas/P14.- Interferencia-difraccion-2023 (1).pdf	Fisica 2/Practicas/14_interferencia_difraccion.pdf
Fisica 2/Practicas/P15.- Optica geometrica-2023 (2).pdf	Fisica 2/Practicas/15_optica_geometrica.pdf
Fisica 2/resumen-capacitancia-fisica.pdf	Fisica 2/resumen_capacitancia.pdf
Fisica 2/Resumen-Teorias-1a4.md	Fisica 2/resumen_teorias_1a4.md
Fisica 2/Teorias/Bianchi/01_Coulomb.pdf	Fisica 2/Teorias/Bianchi/01_coulomb.pdf
Fisica 2/Teorias/Bianchi/02_CampoE (2).pdf	Fisica 2/Teorias/Bianchi/02_campo_electrico.pdf
Fisica 2/Teorias/Bianchi/03_Gauss_conductores.pdf	Fisica 2/Teorias/Bianchi/03_gauss_conductores.pdf
Fisica 2/Teorias/Bianchi/12_Circuitos_con_corrientes_transitorias.pdf	Fisica 2/Teorias/Bianchi/12_circuitos_transitorios.pdf
Fisica 2/Teorias/Bianchi/13_Circuitos_de_corriente_alterna.pdf	Fisica 2/Teorias/Bianchi/13_corriente_alterna.pdf
Fisica 2/Teorias/Bianchi/conductores-animacion.mp4	Fisica 2/Teorias/Bianchi/conductores_animacion.mp4
Fisica 2/Teorias/Bianchi/interferencia2025.pdf	Fisica 2/Teorias/Bianchi/interferencia.pdf
Fisica 2/Teorias/Bianchi/repaso-conceptual-2026.pdf	Fisica 2/Teorias/Bianchi/repaso_conceptual.pdf
Fisica 2/Teorias/Bianchi/ResumenClase1.docx	Fisica 2/Teorias/Bianchi/01_coulomb_resumen.docx
Fisica 2/Teorias/Bianchi/ResumenClase2.docx	Fisica 2/Teorias/Bianchi/02_campo_electrico_resumen.docx
Fisica 2/Teorias/Bianchi/ResumenClase3.docx	Fisica 2/Teorias/Bianchi/03_gauss_conductores_resumen.docx
Fisica 2/Teorias/Bianchi/ResumenClase4.docx	Fisica 2/Teorias/Bianchi/04_potencial_resumen.docx
Fisica 2/Teorias/Bianchi/Documento_completo.pdf-PDFA.pdf	Fisica 2/Bibliografia/libro_de_catedra.pdf
Fisica 2/Teorias/Palacio/Palacio - Clase 5 - Capacitores.pdf	Fisica 2/Teorias/Palacio/05_capacitores.pdf
Matematica B/Criterios de convergencia.pdf	Matematica B/Teorias/criterios_de_convergencia.pdf
Matematica B/Repaso - Ecuaciones Diferenciales Ordinarias (EDO).pdf	Matematica B/Teorias/repaso_edo.pdf
Matematica B/Cuestionario series.pdf	Matematica B/Practicas/cuestionario_series.pdf
Matematica B/parciales/modulo 2/2022_8_3/tema 2/Imagen de WhatsApp 2023-02-12 a las 18.47.02.jpg	Matematica B/Parciales/mod2_2022-08-03_tema_2.jpg
Matematica B/parciales/modulo 2/2023_6_30/tema 1/2023-MOD II.jpeg	Matematica B/Parciales/mod2_2023-06-30_tema_1.jpeg
Matematica C/Apuntes/Modulo I Mat C 2026 Parte I (Series de potencias - Desarrollo de Taylor).pdf	Matematica C/Bibliografia/mod1_parte_1_series_taylor.pdf
Matematica C/Apuntes/Modulo I Mat C 2026 Parte II (Algebra Lineal).pdf	Matematica C/Bibliografia/mod1_parte_2_algebra_lineal.pdf
Matematica C/Apuntes/Modulo II Mat C 2025.pdf	Matematica C/Bibliografia/mod2_apunte.pdf
Matematica C/Parciales/Modulo 1/24-04-22 Tema 1.jpg	Matematica C/Parciales/mod1_2024-04-22_tema_1.jpg
Matematica C/Parciales/Modulo 1/24-04-22 Tema 2.jpeg	Matematica C/Parciales/mod1_2024-04-22_tema_2.jpeg
Matematica C/Parciales/Modulo 1/25-04-22 Tema 1.jpeg	Matematica C/Parciales/mod1_2025-04-22_tema_1.jpeg
Matematica C/Parciales/Modulo 1/25-04-22 Tema 2.jpeg	Matematica C/Parciales/mod1_2025-04-22_tema_2.jpeg
Matematica C/Parciales/Modulo 1/25-05-06 Tema1.jpg	Matematica C/Parciales/mod1_2025-05-06_tema_1.jpg
Matematica C/Resumen_series_numericas.pdf	Matematica C/Teorias/Rey Grange/repaso_series_numericas.pdf
Matematica C/Proyección Ortogonal y Bases Ortogonales (Resumen).pdf	Matematica C/proyeccion_ortogonal_resumen.pdf
Matematica C/Transformaciones Lineales (Resumen).pdf	Matematica C/transformaciones_lineales_resumen.pdf
